id,name,aliases,sector,profession,primary_connection_type,all_connection_types,era,post_2008_contact,pre_2008_contact,island_status,island_notes,townhouse_status,townhouse_notes,palm_beach_status,palm_beach_notes,zorro_ranch_status,zorro_ranch_notes,paris_status,paris_notes,any_property_visited_or_offered,flew_private_plane,flight_count_estimate,flight_notes,organizations,connected_people_count,connected_people,wikipedia_url,has_photo,citations_count,bio_excerpt
alexander,Stephen Alexander,,Healthcare & Medicine,Dr. Stephen Alexander was Epstein's court-approved sex-addiction doctor when Epstein was convicted...,Professional Service Provider,Professional Service Provider; Business / Investment Partner,Undated / Ongoing,False,False,Visited,"Alexander delivered Epstein's messages, and in return Epstein gave Alexander business opportunities, stock tips, and trips to Little Saint James over the subsequent years.",None,,None,,None,,None,,True,False,,,United Nations,0,,,False,2,"Dr. Stephen Alexander was Epstein's court-approved sex-addiction doctor when Epstein was convicted in Florida in 2008, and at that time Epstein used Alexander t..."
allen,Woody Allen,,"Entertainment, Arts & Media",guest,Intermediary / Introduced Others,Intermediary / Introduced Others; Social Acquaintance / Guest,Post-2008 Only,True,False,None,,Visited,Woody Allen was a guest at the townhouse from 2010 onward.,None,,None,,None,,True,True,,"Photographs showed Allen and Epstein together, including on a private plane alongside Larry Summers.",Bard College,2,Leon Botstein; Larry Summers,https://en.wikipedia.org/wiki/Woody_Allen,True,3,"Woody Allen was a guest at the townhouse from 2010 onward. He wrote a letter for Epstein's 63rd birthday. Photographs showed Allen and Epstein together, includi..."
ambani,Anil Ambani,,"Finance, Business & Real Estate","Anil Ambani and Epstein were introduced by Sultan Ahmed bin Sulayem, Ambani...",Intermediary / Introduced Others,Intermediary / Introduced Others,Post-2008 Only,True,False,None,,Visited,"The day Modi secured re-election in 2019, Ambani visited the townhouse.",None,,None,,None,,True,False,,,White House,1,Sultan Ahmed bin Sulayem,https://en.wikipedia.org/wiki/Anil_Ambani,True,3,"Anil Ambani and Epstein were introduced by Sultan Ahmed bin Sulayem, Ambani seeking White House connections. In March 2017, Epstein offered a tall Swedish blond..."
andersson-dubin,Eva Andersson-Dubin,,"Entertainment, Arts & Media",Eva Andersson-Dubin was Epstein's girlfriend for 11 years before marrying Glenn Dubin,Social Acquaintance / Guest,Social Acquaintance / Guest,Both Pre- & Post-2008,True,True,None,,None,,None,,None,,None,,False,True,18,The Dubins flew on Epstein's planes at least 18 times between 1996 and 2005.,,1,Glenn Dubin,https://en.wikipedia.org/wiki/Eva_Andersson-Dubin,False,2,Eva Andersson-Dubin was Epstein's girlfriend for 11 years before marrying Glenn Dubin. The Dubins flew on Epstein's planes at least 18 times between 1996 and 20...
ariely,Dan Ariely,,"Academia, Science & Research",Dan Ariely had a longstanding relationship with Epstein,Social Acquaintance / Guest,Social Acquaintance / Guest,Post-2008 Only,True,False,None,,None,,None,,None,,None,,False,False,,,,0,,https://en.wikipedia.org/wiki/Dan_Ariely,True,2,"Dan Ariely had a longstanding relationship with Epstein. In one email from 2012 Ariely asked Epstein for the name and email of a ""redhead"" he met earlier."
attia,Peter Attia,,Healthcare & Medicine,"Peter Attia's name appeared over 1,700 times in the files",Mentioned in Court Files / Email Archive,Mentioned in Court Files / Email Archive,Undated / Ongoing,False,False,None,,None,,None,,None,,None,,False,False,,,CBS News,0,,https://en.wikipedia.org/wiki/Peter_Attia,True,5,"Peter Attia's name appeared over 1,700 times in the files. In one email, Attia told Epstein: ""the life you lead is so outrageous, and yet I can't tell a soul"". ..."
axel,Richard Axel,,"Academia, Science & Research",Richard Axel is professor of biology at Columbia University who met Epstein...,Social Acquaintance / Guest,Social Acquaintance / Guest,Post-2008 Only,True,False,Invited,Axel and his wife were invited to Epstein's island multiple times.,None,,None,,None,,None,,True,False,,,Columbia University; United Nations,0,,https://en.wikipedia.org/wiki/Richard_Axel,True,4,Richard Axel is professor of biology at Columbia University who met Epstein in the 1980s. They corresponded from 2010 until 2019. Axel and his wife were invited...
bach,Joscha Bach,,"Academia, Science & Research",cognitive scientist,Financial / Funding Recipient,Financial / Funding Recipient,Post-2008 Only,True,False,None,,None,,None,,None,,None,,False,False,,,MIT; United Nations,0,,https://en.wikipedia.org/wiki/Joscha_Bach,True,1,"Joscha Bach is a cognitive scientist whose MIT Media Lab research has been subsidized by Epstein. Bach wrote to Epstein in 2016 that ""black kids in the US have ..."
adam-back,Adam Back,,"Tech, Crypto & Venture Capital",Adam Back is a co-founder of blockchain company Blockstream,Financial / Funding Recipient,Financial / Funding Recipient; Business / Investment Partner; Social Acquaintance / Guest,Post-2008 Only,True,False,Visited,Back was invited by Epstein to his island in April 2014 and an email sent by Epstein to Amir Taaki indicated that Back visited the island.,None,,None,,None,,None,,True,False,,,Blockstream; United Nations,0,,https://en.wikipedia.org/wiki/Adam_Back,False,3,Adam Back is a co-founder of blockchain company Blockstream. Back was invited by Epstein to his island in April 2014 and an email sent by Epstein to Amir Taaki ...
band,Doug Band,,"Politics, Government & Diplomacy","former aide to Bill Clinton,",Financial / Funding Recipient,Financial / Funding Recipient,Both Pre- & Post-2008,True,True,None,,None,,None,,None,,None,,False,True,35,"Maxwell and Epstein gifted Band a $35,000 Audemars Piguet watch in 2005; Band also flew on Epstein's private jet more than 35 times.",,2,Bill Clinton; Ghislaine Maxwell,https://en.wikipedia.org/wiki/Doug_Band,False,4,"Doug Band is a former aide to Bill Clinton, whom he connected to Epstein. He exchanged flirtatious emails in 2002 with Maxwell. Maxwell and Epstein gifted Band ..."
bannon,Steve Bannon,,"Politics, Government & Diplomacy",Pundit and former White House chief strategist Steve Bannon exchanged thousand of...,Social Acquaintance / Guest,Social Acquaintance / Guest,Post-2008 Only,True,False,None,,None,,Visited / Stayed,"Epstein lent him multiple times the use of his Paris apartment, his Palm Beach house, and his plane; Bannon coached Epstein to face the early 2019 media.",None,,Used / Stayed,"Epstein lent him multiple times the use of his Paris apartment, his Palm Beach house, and his plane; Bannon coached Epstein to face the early 2019 media.",True,True,,"Epstein lent him multiple times the use of his Paris apartment, his Palm Beach house, and his plane; Bannon coached Epstein to face the early 2019 media.",United Nations; White House,0,,https://en.wikipedia.org/wiki/Steve_Bannon,True,3,Pundit and former White House chief strategist Steve Bannon exchanged thousand of texts with Epstein. Epstein lent him multiple times the use of his Paris apart...
barak,Ehud Barak,,"Politics, Government & Diplomacy",Ehud Barak is a former prime minister and Minister of Defense of...,Mentioned in Court Files / Email Archive,Mentioned in Court Files / Email Archive,Post-2008 Only,True,False,None,,Visited,"In 2016, the Israeli government installed security equipment to a Manhattan building owned by his brother and managed by Epstein, for use by his associates and underage models; Barak frequented the building for extended stays.",None,,None,,None,,True,False,,,Palantir Technologies; United Nations,2,Ariane de Rothschild; Larry Summers,https://en.wikipedia.org/wiki/Ehud_Barak,True,4,"Ehud Barak is a former prime minister and Minister of Defense of Israel. Barak and Epstein regularly exchanged email communications, and met over 60 times betwe..."
barrack,Tom Barrack,,"Finance, Business & Real Estate",Tom Barrack is the United States Ambassador to Turkey and longtime Trump...,Business / Investment Partner,Business / Investment Partner; Intermediary / Introduced Others; Social Acquaintance / Guest,Undated / Ongoing,False,False,None,,None,,None,,None,,None,,False,False,,,CBS News; United Nations,4,Ehud Barak; Vitaly Churkin; Donald Trump; Peter Thiel,https://en.wikipedia.org/wiki/Tom_Barrack,True,1,"Tom Barrack is the United States Ambassador to Turkey and longtime Trump confidante. By the early 2000s, Barrack and Epstein had business ties to the Middle Eas..."
belyakov,Sergei Belyakov,,"Politics, Government & Diplomacy",Sergei Belyakov is a former Deputy Minister of Economic Development of Russia,Intermediary / Introduced Others,Intermediary / Introduced Others,Undated / Ongoing,False,False,None,,None,,None,,None,,None,,False,False,,,United Nations,4,Ehud Barak; Leon Black; Reid Hoffman; Peter Thiel,https://en.wikipedia.org/wiki/Sergei_Belyakov,True,3,"Sergei Belyakov is a former Deputy Minister of Economic Development of Russia. Epstein emailed Sergei Belyakov that a ""Russian girl"" was attempting to blackmail..."
black,Leon Black,,"Finance, Business & Real Estate",American private equity investor,Client (Hired Epstein),Client (Hired Epstein); Business / Investment Partner,Post-2008 Only,True,False,None,,None,,None,,None,,None,,False,False,,,Apollo Global Management; JPMorgan Chase; United Nations,4,Alan Dershowitz; Glenn Dubin; Marc Rowan; Les Wexner,https://en.wikipedia.org/wiki/Leon_Black,False,4,"Leon Black is an American private equity investor whom Epstein referred to as ""Mr. Big"" in emails. Weeks after Epstein's death, JPMorgan Chase filed a suspiciou..."
blaine,David Blaine,,"Entertainment, Arts & Media",David Blaine is an American magician,Social Acquaintance / Guest,Social Acquaintance / Guest,Post-2008 Only,True,False,None,,None,,None,,None,,None,,False,False,,,United Nations,0,,https://en.wikipedia.org/wiki/David_Blaine,True,1,"David Blaine is an American magician. Files showed a years-long correspondence with Epstein and regular dinners between 2012 and 2016. In 2015, Blaine agreed to..."
leonard-blavatnik,Leonard Blavatnik,,"Finance, Business & Real Estate",Leonard Blavatnik is a British-American businessman,Social Acquaintance / Guest,Social Acquaintance / Guest,Undated / Ongoing,False,False,None,,None,,None,,None,,None,,False,False,,,,1,Leon Black,https://en.wikipedia.org/wiki/Len_Blavatnik,False,2,Leonard Blavatnik is a British-American businessman. Blavatnik corresponded with Epstein and was invited to several of his gatherings. In a recorded conversatio...
todd-boehly,Todd Boehly,,"Finance, Business & Real Estate","Todd Boehly is chairman of Chelsea, part-owner of the Los Angeles Dodgers...",Mentioned in Court Files / Email Archive,Mentioned in Court Files / Email Archive,Post-2008 Only,True,False,None,,None,,None,,None,,None,,False,False,,,,1,Peter Mandelson,https://en.wikipedia.org/wiki/Todd_Boehly,True,2,"Todd Boehly is chairman of Chelsea, part-owner of the Los Angeles Dodgers and Los Angeles Lakers, and was managing partner at Guggenheim. Emails from 2011 showe..."
botstein,Leon Botstein,,"Academia, Science & Research",Leon Botstein was Bard College president,Financial / Funding Recipient,Financial / Funding Recipient; Social Acquaintance / Guest,Post-2008 Only,True,False,None,,None,,None,,None,,None,,False,False,,,Bard College; United Nations,2,Woody Allen; Soon-Yi Previn,https://en.wikipedia.org/wiki/Leon_Botstein,True,5,"Leon Botstein was Bard College president. He met Epstein numerous times after his 2008 conviction, soliciting donations. In 2011, Epstein donated Bard $75,000. ..."
ed-boyden,Edward Boyden,,"Academia, Science & Research",Edward Boyden is an American-French MIT neuroscientist,Social Acquaintance / Guest,Social Acquaintance / Guest,Post-2008 Only,True,False,None,,None,,None,,None,,None,,False,False,,,MIT,5,Peter Attia; Reid Hoffman; Elon Musk; Peter Thiel; Mark Zuckerberg,https://en.wikipedia.org/wiki/Edward_Boyden,False,1,"Edward Boyden is an American-French MIT neuroscientist. In August 2015, Reid Hoffman hosted a dinner in Palo Alto for Boyden. Epstein emailed Peter Attia about ..."
brende,Børge Brende,,"Politics, Government & Diplomacy",CEO of the World Economic Forum,Intermediary / Introduced Others,Intermediary / Introduced Others; Social Acquaintance / Guest,Undated / Ongoing,False,False,None,,Referenced,"Børge Brende is the CEO of the World Economic Forum who exchanged more than 120 emails and text messages with Epstein, and was a guest at several dinners at Epstein's townhouse in New York City.",None,,None,,None,,False,False,,,,2,Steve Bannon; Terje Rød-Larsen,https://en.wikipedia.org/wiki/Børge_Brende,True,3,"Børge Brende is the CEO of the World Economic Forum who exchanged more than 120 emails and text messages with Epstein, and was a guest at several dinners at Eps..."
briatore,Flavio Briatore,,"Finance, Business & Real Estate",Flavio Briatore is an Italian businessman,Mentioned in Court Files / Email Archive,Mentioned in Court Files / Email Archive,Undated / Ongoing,False,False,None,,None,,None,,None,,None,,False,False,,,,0,,https://en.wikipedia.org/wiki/Flavio_Briatore,True,1,Flavio Briatore is an Italian businessman. Briatore maintained email contact with Epstein.
brin,Sergey Brin,,"Tech, Crypto & Venture Capital",American computer scientist and businessman,Social Acquaintance / Guest,Social Acquaintance / Guest,Undated / Ongoing,False,False,Visited,Documents indicated Brin visited Epstein's private island and corresponded with Ghislaine Maxwell about attending dinners at Epstein's home.,None,,None,,None,,None,,True,False,,,United Nations,1,Ghislaine Maxwell,https://en.wikipedia.org/wiki/Sergey_Brin,True,1,Sergey Brin is an American computer scientist and businessman who co-founded Google. Documents indicated Brin visited Epstein's private island and corresponded ...
brockman,John Brockman,,"Entertainment, Arts & Media",John Brockman established the Edge Foundation,Financial / Funding Recipient,Financial / Funding Recipient; Social Acquaintance / Guest,Post-2008 Only,True,False,None,,None,,None,,None,,None,,False,False,,,Edge Foundation; United Nations,0,,https://en.wikipedia.org/wiki/John_Brockman_(literary_agent),True,4,John Brockman established the Edge Foundation. Epstein was its biggest donor; Brockman organized with Silicon Valley billionaires events Epstein funded and atte...
brunel,Jean-Luc Brunel,,"Finance, Business & Real Estate","Jean-Luc Brunel was a French model scout, and the founder of MC2...",Mentioned in Court Files / Email Archive,Mentioned in Court Files / Email Archive,Both Pre- & Post-2008,True,True,None,,None,,None,,None,,None,,False,True,25,"From 1998 to 2005, Brunel was listed as a passenger in flight logs for Epstein's private plane on 25 trips.",United Nations,0,,https://en.wikipedia.org/wiki/Jean-Luc_Brunel,False,1,"Jean-Luc Brunel was a French model scout, and the founder of MC2 Model Management, with financing by Epstein. From 1998 to 2005, Brunel was listed as a passenge..."
bryan,Albert Bryan Jr.,,"Politics, Government & Diplomacy",Albert Bryan Jr. is the Governor of the United States Virgin Islands,Mentioned in Court Files / Email Archive,Mentioned in Court Files / Email Archive,Undated / Ongoing,False,False,None,,None,,None,,None,,None,,False,False,,,MIT; United Nations,0,,https://en.wikipedia.org/wiki/Albert_Bryan_Jr.,False,2,"Albert Bryan Jr. is the Governor of the United States Virgin Islands. Epstein reached out to Bryan about an ""unpermitted land clearing."" Bryan denies any wrongd..."
burns,William Burns,,"Entertainment, Arts & Media",former director of the Central Intelligence Agency,Mentioned in Court Files / Email Archive,Mentioned in Court Files / Email Archive,Post-2008 Only,True,False,None,,Referenced,"They first met at Steptoe & Johnson, and subsequently at the Manhattan townhouse.",None,,None,,None,,False,False,,,FIRST Robotics,0,,https://en.wikipedia.org/wiki/William_J._Burns_(diplomat),True,2,William Burns is a former director of the Central Intelligence Agency whose scheduling documents showed three meetings with Epstein in 2014 as deputy secretary ...
naomi-campbell,Naomi Campbell,,"Finance, Business & Real Estate",British supermodel,Mentioned in Court Files / Email Archive,Mentioned in Court Files / Email Archive,Undated / Ongoing,False,False,Referenced,Email exchanges showed Campbell inviting Epstein to events around the world and Epstein inviting Campbell to his island and to fly on his plane.,None,,None,,None,,None,,False,True,,Email exchanges showed Campbell inviting Epstein to events around the world and Epstein inviting Campbell to his island and to fly on his plane.,L Brands / Victoria's Secret; United Nations,0,,https://en.wikipedia.org/wiki/Naomi_Campbell,True,1,"Naomi Campbell is a British supermodel whose work included runway modeling for Victoria's Secret, where Wexner was CEO. Email exchanges showed Campbell inviting..."
candy,Nick Candy,,"Finance, Business & Real Estate",luxury property developer,Mentioned in Court Files / Email Archive,Mentioned in Court Files / Email Archive,Undated / Ongoing,False,False,None,,None,,None,,None,,None,,False,False,,,,1,Ghislaine Maxwell,https://en.wikipedia.org/wiki/Nick_Candy,False,2,"Nick Candy is a luxury property developer who serves as treasurer for Reform UK. Candy interacted with Epstein associates Sarah Kellen, Ghislaine Maxwell and Je..."
chomsky,Noam Chomsky,,"Academia, Science & Research",Noam Chomsky is an intellectual and linguist,Client (Hired Epstein),Client (Hired Epstein); Intermediary / Introduced Others,Post-2008 Only,True,False,None,,Offered,"In a 2015 email, Epstein offered Chomsky use of his residences in New York and New Mexico.",None,,Offered,"In a 2015 email, Epstein offered Chomsky use of his residences in New York and New Mexico.",None,,True,True,,An undated photograph showed Chomsky seated next to Epstein on a plane.,United Nations,1,Ehud Barak,https://en.wikipedia.org/wiki/Noam_Chomsky,True,9,"Noam Chomsky is an intellectual and linguist. In a 2015 email, Epstein offered Chomsky use of his residences in New York and New Mexico. An undated photograph s..."
chopra,Deepak Chopra,,"Entertainment, Arts & Media",Deepak Chopra is a New Age guru,Mentioned in Court Files / Email Archive,Mentioned in Court Files / Email Archive,Post-2008 Only,True,False,None,,None,,None,,None,,None,,False,False,,,United Nations,0,,https://en.wikipedia.org/wiki/Deepak_Chopra,True,2,"Deepak Chopra is a New Age guru. Chopra met with Epstein at least a dozen times between 2016 and 2019. University of California, San Diego ended his affiliation..."
church,George Church,,"Academia, Science & Research",George Church is a Harvard University genetics professor,Mentioned in Court Files / Email Archive,Mentioned in Court Files / Email Archive,Post-2008 Only,True,False,None,,None,,None,,None,,None,,False,False,,,Harvard University; United Nations,0,,https://en.wikipedia.org/wiki/George_Church_(geneticist),True,2,"George Church is a Harvard University genetics professor. Files showed Church met with Epstein multiple times in 2014, and dined with him November along Ito, Ho..."
churkin,Vitaly Churkin,,"Politics, Government & Diplomacy",diplomat,Mentioned in Court Files / Email Archive,Mentioned in Court Files / Email Archive,Both Pre- & Post-2008,True,True,None,,None,,None,,None,,None,,False,False,,,United Nations,0,,https://en.wikipedia.org/wiki/Vitaly_Churkin,True,1,"Vitaly Churkin was a diplomat who served as the Permanent Representative of Russia to the UN from 2006 until his death in 2017. According to CNN, files suggeste..."
clinton,Bill Clinton,Clinton; President Clinton; William J. Clinton,"Politics, Government & Diplomacy",Bill Clinton traveled on Epstein's plane at least 16 times; communications between...,Mentioned in Court Files / Email Archive,Mentioned in Court Files / Email Archive,Pre-2008 Only,False,True,Denied,"Clinton stated he cut ties with Epstein before his 2006 charges, did not know about his crimes, and denied ever visiting Epstein's island.",None,,None,,None,,None,,False,True,16,Bill Clinton traveled on Epstein's plane at least 16 times; communications between Maxwell and Clinton staffers from 2001 to 2004 pertained to travel and dining logistics; some emails between Maxwell and Clinton's office were flirtatious or lewd.,United Nations,1,Doug Band,https://en.wikipedia.org/wiki/Bill_Clinton,True,3,Bill Clinton traveled on Epstein's plane at least 16 times; communications between Maxwell and Clinton staffers from 2001 to 2004 pertained to travel and dining...
copperfield,David Copperfield,,"Entertainment, Arts & Media",David Copperfield is an American illusionist,Social Acquaintance / Guest,Social Acquaintance / Guest,Both Pre- & Post-2008,True,True,None,,None,,None,,None,,None,,False,False,,,United Nations,0,,https://en.wikipedia.org/wiki/David_Copperfield_(illusionist),True,5,David Copperfield is an American illusionist. Johanna Sjoberg testified to attending a 2004 dinner at Epstein's home where Copperfield performed magic tricks. P...
francisco-d'agostino,Francisco D'Agostino,,"Finance, Business & Real Estate",Francisco D'Agostino is a businessman,Business / Investment Partner,Business / Investment Partner; Intermediary / Introduced Others,Post-2008 Only,True,False,Visited,"From 2012–2018, he visited Epstein on his island and in New York, shared political intelligence, proposed business deals, introduced him to powerful Venezuelan figures, and inquired about some ""water gazelle"" he met on the island.",None,,None,,None,,None,,True,False,,,,0,,,False,2,"Francisco D'Agostino is a businessman. From 2012–2018, he visited Epstein on his island and in New York, shared political intelligence, proposed business deals,..."
delson,Lawrence Delson,,"Academia, Science & Research",professor,Mentioned in Court Files / Email Archive,Mentioned in Court Files / Email Archive,Undated / Ongoing,False,False,None,,None,,None,,None,,None,,False,False,,,United Nations,0,,,False,1,"Lawrence Delson was a professor at the Fashion Institute of Technology. He and Epstein communicated for several years, writing to each other about how they cher..."
dershowitz,Alan Dershowitz,,"Law, Law Enforcement & Legal Defense",Alan Dershowitz was part of the team that negotiated a non-prosecution agreement...,Professional Service Provider,Professional Service Provider,Pre-2008 Only,False,True,None,,None,,None,,None,,None,,False,False,,,JPMorgan Chase,3,Leon Black; Glenn Dubin; Les Wexner,https://en.wikipedia.org/wiki/Alan_Dershowitz,True,2,"Alan Dershowitz was part of the team that negotiated a non-prosecution agreement for Epstein in 2007. Weeks after Epstein's death, JPMorgan Chase filed a suspic..."
drokova,Maria Drokova,,"Finance, Business & Real Estate",Maria Drokova is a Russian investor and venture capitalist,Business / Investment Partner,Business / Investment Partner,Post-2008 Only,True,False,None,,None,,None,,None,,None,,False,False,,,United Nations,0,,https://en.wikipedia.org/wiki/Maria_Drokova,False,10,"Maria Drokova is a Russian investor and venture capitalist. Epstein paid Drokova for public relations work. In 2017 and 2018, Drokova set up meetings with Epste..."
dubin,Glenn Dubin,,"Finance, Business & Real Estate",Glenn Dubin is an American billionaire hedge fund manager and husband of...,Social Acquaintance / Guest,Social Acquaintance / Guest,Pre-2008 Only,False,True,None,,None,,None,,None,,None,,False,False,,,JPMorgan Chase; United Nations,4,Eva Andersson-Dubin; Leon Black; Alan Dershowitz; Les Wexner,https://en.wikipedia.org/wiki/Glenn_Dubin,True,3,"Glenn Dubin is an American billionaire hedge fund manager and husband of Epstein's former girlfriend Eva Andersson-Dubin. Weeks after Epstein's death, JPMorgan ..."
edwardepstein,Edward Jay Epstein,,"Entertainment, Arts & Media",Edward Jay Epstein (no relation to Jeffrey Epstein) was an investigative journalist,Financial / Funding Recipient,Financial / Funding Recipient,Undated / Ongoing,False,False,None,,None,,None,,None,,None,,False,False,,,FIRST Robotics; United Nations,1,Ben Goertzel,https://en.wikipedia.org/wiki/Edward_Jay_Epstein,True,4,"Edward Jay Epstein (no relation to Jeffrey Epstein) was an investigative journalist. His first contact with Jeffrey Epstein was from 1987–1989, when he wrote ab..."
farkas,Andrew Farkas,,"Finance, Business & Real Estate",Andrew Farkas co-owned a marina with Epstein in St,Business / Investment Partner,Business / Investment Partner,Post-2008 Only,True,False,Visited,Farkas also stayed on Epstein's island.,None,,None,,None,,None,,True,False,,,Harvard University; United Nations,0,,https://en.wikipedia.org/wiki/Andrew_Farkas_(businessman),False,2,Andrew Farkas co-owned a marina with Epstein in St. Thomas. Documents showed the two men exchanged crude emails about women in 2010. As chair of the Hasty Puddi...
ferguson,Sarah Ferguson,,Royalty & Aristocracy,"Sarah Ferguson, formerly Duchess of York, is the ex-wife of Mountbatten-Windsor",Mentioned in Court Files / Email Archive,Mentioned in Court Files / Email Archive,Post-2008 Only,True,False,None,,None,,None,,None,,None,,False,False,,,United Nations,1,Andrew Mountbatten-Windsor,https://en.wikipedia.org/wiki/Sarah_Ferguson,True,2,"Sarah Ferguson, formerly Duchess of York, is the ex-wife of Mountbatten-Windsor. In a 2009 email, she called Epstein a ""brother"" and seemed to suggest she and h..."
bill-gates,Bill Gates,William Henry Gates; William Gates; Gates,"Tech, Crypto & Venture Capital",Bill Gates co-founded Microsoft,Mentioned in Court Files / Email Archive,Mentioned in Court Files / Email Archive,Both Pre- & Post-2008,True,True,None,,None,,None,,None,,None,,False,False,,,MIT; Microsoft; United Nations,0,,https://en.wikipedia.org/wiki/Bill_Gates,True,9,"Bill Gates co-founded Microsoft. Gates and Epstein met in 1992; according to The New York Times, they also had many meetings starting in 2011. In a January 2025..."
gelernter,David Gelernter,,"Academia, Science & Research",Yale professor,Mentioned in Court Files / Email Archive,Mentioned in Court Files / Email Archive,Post-2008 Only,True,False,None,,None,,None,,None,,None,,False,False,,,United Nations,0,,https://en.wikipedia.org/wiki/David_Gelernter,True,2,"David Gelernter is a Yale professor who corresponded with Epstein from 2009 to 2015. Amid a review by Yale in February 2026, Gelernter has been relieved of teac..."
gordon-getty,Gordon Getty,,"Finance, Business & Real Estate",Gordon Getty is the billionaire heir of the Getty Oil fortune,Financial / Funding Recipient,Financial / Funding Recipient; Intermediary / Introduced Others,Post-2008 Only,True,False,None,,None,,None,,None,,None,,False,False,,,United Nations,1,Robert Trivers,https://en.wikipedia.org/wiki/Gordon_Getty,True,1,"Gordon Getty is the billionaire heir of the Getty Oil fortune. He often funded Robert Trivers' research, and Trivers introduced Getty to Epstein. When learning ..."
goertzel,Ben Goertzel,,"Tech, Crypto & Venture Capital",chief scientist,Financial / Funding Recipient,Financial / Funding Recipient,Post-2008 Only,True,False,None,,None,,None,,None,,None,,False,False,,,United Nations,0,,https://en.wikipedia.org/wiki/Ben_Goertzel,True,4,"Ben Goertzel was the chief scientist at Hanson Robotics, to whom Epstein gave a $100,000 grant and additional funds over the next decade. Between 2010 and 2015,..."
josh-harris,Josh Harris,,"Finance, Business & Real Estate",Josh Harris co-founded Apollo Global Management and Harris Blitzer Sports & Entertainment,Mentioned in Court Files / Email Archive,Mentioned in Court Files / Email Archive,Post-2008 Only,True,False,None,,None,,None,,None,,None,,False,False,,,Apollo Global Management; United Nations,1,Bill Gates,https://en.wikipedia.org/wiki/Josh_Harris_(businessman),True,2,Josh Harris co-founded Apollo Global Management and Harris Blitzer Sports & Entertainment. The American billionaire corresponded with Epstein from 2013–2016. Em...
hawking,Stephen Hawking,,"Academia, Science & Research",theoretical physicist,Social Acquaintance / Guest,Social Acquaintance / Guest,Post-2008 Only,True,False,Visited,Hawking has been reported as a guest on Epstein's island.,None,,None,,None,,None,,True,False,,,,0,,https://en.wikipedia.org/wiki/Stephen_Hawking,True,4,Stephen Hawking was a theoretical physicist who was mentioned in court documents released in 2024 during Maxwell's trial. Hawking has been reported as a guest o...
hoffman,Reid Hoffman,,"Tech, Crypto & Venture Capital","LinkedIn co-founder Reid Hoffman attended the dinner with Musk, Thiel and Zuckerberg",Business / Investment Partner,Business / Investment Partner; Social Acquaintance / Guest,Post-2008 Only,True,False,Visited,"Documents showed he visited Epstein's island in November 2014, and had multiple Skype calls with him in 2013 and 2014 as per Epstein's calendar.",None,,None,,None,,None,,True,False,,,United Nations,1,Mark Zuckerberg,https://en.wikipedia.org/wiki/Reid_Hoffman,True,2,"LinkedIn co-founder Reid Hoffman attended the dinner with Musk, Thiel and Zuckerberg. Documents showed he visited Epstein's island in November 2014, and had mul..."
jack-horner,Jack Horner,,"Academia, Science & Research",paleontologist,Financial / Funding Recipient,Financial / Funding Recipient,Post-2008 Only,True,False,None,,None,,None,,Visited / Stayed,Jack Horner is a paleontologist who visited a New Mexico property owned by Epstein in 2012 and exchanged several emails with him thereafter.,None,,True,False,,,United Nations,0,,https://en.wikipedia.org/wiki/Jack_Horner_(paleontologist),True,3,Jack Horner is a paleontologist who visited a New Mexico property owned by Epstein in 2012 and exchanged several emails with him thereafter. These messages cont...
ito,Joi Ito,,"Academia, Science & Research",former director of the MIT Media Lab,Financial / Funding Recipient,Financial / Funding Recipient; Social Acquaintance / Guest,Post-2008 Only,True,False,Visited,He twice traveled to Epstein's island seeking donations.,None,,None,,None,,None,,True,False,,,Harvard University; MIT; United Nations,1,Bill Gates,https://en.wikipedia.org/wiki/Joi_Ito,True,2,"Joi Ito is a former director of the MIT Media Lab who received $1.7 million from Epstein, including $1.2 million for his own investment funds. Internal emails s..."
jagland,Thorbjørn Jagland,Thorbjorn Jagland,"Politics, Government & Diplomacy",Norwegian politician,Mentioned in Court Files / Email Archive,Mentioned in Court Files / Email Archive,Both Pre- & Post-2008,True,True,Referenced,"In a 2014 email to Epstein, Jagland had planned a family trip to Little Saint James island, while he was secretary general of the Council of Europe.",None,,None,,None,,None,,False,False,,,MIT; United Nations,0,,https://en.wikipedia.org/wiki/Thorbjørn_Jagland,True,4,"Thorbjørn Jagland is a Norwegian politician who served as prime minister from 1996 to 1997. In a 2014 email to Epstein, Jagland had planned a family trip to Lit..."
de-jongh,John de Jongh Jr.,,"Politics, Government & Diplomacy",John de Jongh Jr. is an American businessman and former governor of...,Mentioned in Court Files / Email Archive,Mentioned in Court Files / Email Archive,Both Pre- & Post-2008,True,True,None,,None,,None,,None,,None,,False,False,,,United Nations,0,,https://en.wikipedia.org/wiki/John_de_Jongh_Jr.,True,1,John de Jongh Jr. is an American businessman and former governor of the United States Virgin Islands (2007–2015). Emails in the files show that from 2008 to 200...
judd,Grady Judd,,"Law, Law Enforcement & Legal Defense",Grady Judd is an American law enforcement officer serving as the sheriff...,Mentioned in Court Files / Email Archive,Mentioned in Court Files / Email Archive,Pre-2008 Only,False,True,None,,None,,None,,None,,None,,False,False,,,United Nations,0,,https://en.wikipedia.org/wiki/Grady_Judd,True,2,"Grady Judd is an American law enforcement officer serving as the sheriff of Polk County, Florida since 2005. Among the released materials, an email from a femal..."
junkermann,Nicole Junkermann,,"Finance, Business & Real Estate",Nicole Junkermann is a German entrepreneur and investor,Mentioned in Court Files / Email Archive,Mentioned in Court Files / Email Archive,Undated / Ongoing,False,False,None,,None,,None,,None,,None,,False,False,,,United Nations,0,,https://en.wikipedia.org/wiki/Nicole_Junkermann,True,1,Nicole Junkermann is a German entrepreneur and investor. Documents released as part of the files show that after his 2008 conviction Junkermann was in close fri...
juul,Mona Juul,,"Politics, Government & Diplomacy","Mona Juul is a Norwegian diplomat, former permanent representative to the United...",Mentioned in Court Files / Email Archive,Mentioned in Court Files / Email Archive,Post-2008 Only,True,False,None,,None,,None,,None,,None,,False,False,,,United Nations,1,Terje Rød-Larsen,https://en.wikipedia.org/wiki/Mona_Juul,True,2,"Mona Juul is a Norwegian diplomat, former permanent representative to the United Nations, and wife of Terje Rød-Larsen. Juul resigned her position as ambassador..."
kamen,Dean Kamen,,Public Figure / Associate,Dean Kamen invented the Segway and iBOT,Mentioned in Court Files / Email Archive,Mentioned in Court Files / Email Archive,Post-2008 Only,True,False,Visited,"Emails revealed he visited Epstein's private island in 2013, and discussed ""which flight Dean prefers the girls to be on"".",None,,None,,None,,None,,True,True,,"Emails revealed he visited Epstein's private island in 2013, and discussed ""which flight Dean prefers the girls to be on"".",DEKA Research; FIRST Robotics; United Nations,2,Ghislaine Maxwell; Nadia Marcinko,https://en.wikipedia.org/wiki/Dean_Kamen,True,4,"Dean Kamen invented the Segway and iBOT. Photographs show Kamen with Epstein and Ghislaine Maxwell. Emails revealed he visited Epstein's private island in 2013,..."
karp,Brad S. Karp,,"Politics, Government & Diplomacy",Brad S,Social Acquaintance / Guest,Social Acquaintance / Guest,Post-2008 Only,True,False,None,,Visited,Karp is the chair of Paul Weiss who attended dinners at Epstein's Upper East Side residence.,None,,None,,None,,True,False,,,Paul Weiss; United Nations,1,Leon Black,https://en.wikipedia.org/wiki/Brad_S._Karp,True,5,"Brad S. Karp is the chair of Paul Weiss who attended dinners at Epstein's Upper East Side residence. In a 2015 email, Karp thanked Epstein for an immomerable ev..."
robert-f.-kennedy-jr.,Robert F. Kennedy Jr.,RFK Jr; Bobby Kennedy; Robert Kennedy,Public Figure / Associate,Robert F,Social Acquaintance / Guest,Social Acquaintance / Guest,Post-2008 Only,True,False,None,,None,,None,,None,,None,,False,True,,admitted during his presidential campaign that he flew on Epstein's plane.,MIT; United Nations,1,Ghislaine Maxwell,https://en.wikipedia.org/wiki/Robert_F._Kennedy_Jr.,True,3,Robert F. Kennedy Jr. is currently serving as the United States Secretary of Health and Human Services. Kennedy Jr. admitted during his presidential campaign th...
gary-king,Gary King,,"Politics, Government & Diplomacy",lawyer and politician,Professional Service Provider,Professional Service Provider; Financial / Funding Recipient; Social Acquaintance / Guest,Both Pre- & Post-2008,True,True,None,,None,,None,,Referenced,"Gary King is a lawyer and politician who was the attorney general of New Mexico from 2007–2015, and a nominee for New Mexico governor in 2014.",None,,False,True,,"Epstein made financial contributions to King's political campaigns from the early 1990s through at least 2014, sometimes funneling money through companies to avoid press coverage of the donations while King was running on the issue of prosecuting child sex offenders, and King flew on Epstein's private jet.",United Nations,0,,https://en.wikipedia.org/wiki/Gary_King_(politician),True,3,"Gary King is a lawyer and politician who was the attorney general of New Mexico from 2007–2015, and a nominee for New Mexico governor in 2014. Epstein purchased..."
kosslyn,Stephen Kosslyn,,"Academia, Science & Research","American psychologist and neuroscientist, former chair of the psychology department and dean of social sciences",Financial / Funding Recipient,Financial / Funding Recipient,Both Pre- & Post-2008,True,True,None,,None,,None,,None,,None,,False,False,,,Harvard University; United Nations,0,,https://en.wikipedia.org/wiki/Stephen_Kosslyn,True,4,"Stephen Kosslyn is an American psychologist and neuroscientist, former chair of the psychology department and dean of social sciences at Harvard University. Bet..."
kotick,Bobby Kotick,,"Finance, Business & Real Estate",Bobby Kotick is an American former CEO of Activision Blizzard and Activision,Social Acquaintance / Guest,Social Acquaintance / Guest,Post-2008 Only,True,False,None,,None,,None,,None,,None,,False,False,,,,0,,https://en.wikipedia.org/wiki/Bobby_Kotick,True,2,"Bobby Kotick is an American former CEO of Activision Blizzard and Activision. Epstein invited Kotick to events with ""the girls"", and asked Kotick in May 2013 ab..."
krauss,Lawrence Krauss,,Public Figure / Associate,Lawrence Krauss is a cosmologist,Mentioned in Court Files / Email Archive,Mentioned in Court Files / Email Archive,Post-2008 Only,True,False,None,,None,,None,,None,,None,,False,False,,,MIT; United Nations,3,Woody Allen; Bill Clinton; Kevin Spacey,https://en.wikipedia.org/wiki/Lawrence_Krauss,True,2,Lawrence Krauss is a cosmologist. Krauss reached out to Epstein in 2017 for how to respond on sexual misconduct allegations; Epstein recommended to write a cove...
robert-lawrence-kuhn,Robert Lawrence Kuhn,,"Finance, Business & Real Estate",Robert Lawrence Kuhn is an American investment banker and writer,Financial / Funding Recipient,Financial / Funding Recipient,Undated / Ongoing,False,False,None,,None,,None,,None,,None,,False,False,,,United Nations,0,,https://en.wikipedia.org/wiki/Robert_Lawrence_Kuhn,True,2,Robert Lawrence Kuhn is an American investment banker and writer. Kuhn's Closer to Truth television series received partial funding from Epstein.
lajčák,Miroslav Lajčák,,"Politics, Government & Diplomacy",former President of the United Nations General Assembly with,Mentioned in Court Files / Email Archive,Mentioned in Court Files / Email Archive,Post-2008 Only,True,False,None,,None,,None,,None,,None,,False,False,,,United Nations,0,,https://en.wikipedia.org/wiki/Miroslav_Lajčák,True,6,"Miroslav Lajčák is a former President of the United Nations General Assembly with whom Epstein exchanged emails between 2017 and 2019. In one email, Lajčák aske..."
landon,Mark Landon,,Healthcare & Medicine,OB-GYN specializing in high-risk pregnancies,Mentioned in Court Files / Email Archive,Mentioned in Court Files / Email Archive,Pre-2008 Only,False,True,None,,None,,None,,None,,None,,False,False,,,United Nations,1,Les Wexner,,False,3,Mark Landon is an OB-GYN specializing in high-risk pregnancies at the Ohio State University Wexner Medical Center and a professor at Ohio State University Colle...
caroline-lang,Caroline Lang,,"Politics, Government & Diplomacy",Caroline Lang [fr] is a French film producer and the daughter of...,Mentioned in Court Files / Email Archive,Mentioned in Court Files / Email Archive,Post-2008 Only,True,False,None,,None,,None,,None,,None,,False,False,,,United Nations,1,Jack Lang,https://en.wikipedia.org/wiki/Caroline_Lang?action=edit&redlink=1,False,6,"Caroline Lang [fr] is a French film producer and the daughter of politician Jack Lang. The 2026 Epstein files release revealed that she was co-owner, with Epste..."
jack-lang,Jack Lang,,"Politics, Government & Diplomacy",French politician,Mentioned in Court Files / Email Archive,Mentioned in Court Files / Email Archive,Post-2008 Only,True,False,None,,None,,None,,None,,None,,False,False,,,MIT; United Nations,1,Caroline Lang,https://en.wikipedia.org/wiki/Jack_Lang_(French_politician),True,2,"Jack Lang is a French politician who has served as minister of culture, minister of education, and in the National Assembly. He intermittently corresponded with..."
lauder,Ronald Lauder,,"Finance, Business & Real Estate",Ronald Lauder is an American businessman,Mentioned in Court Files / Email Archive,Mentioned in Court Files / Email Archive,Post-2008 Only,True,False,None,,None,,None,,None,,None,,False,False,,,MIT,1,Leon Black,https://en.wikipedia.org/wiki/Ronald_Lauder,True,2,"Ronald Lauder is an American businessman. The billionaire's name appears in the Epstein files over 900 times. In 2014, Epstein set up a limited liability compan..."
julian-leese,Julian Leese,,"Finance, Business & Real Estate","Julian Leese is the younger son of Douglas Leese, one of the...",Business / Investment Partner,Business / Investment Partner; Social Acquaintance / Guest,Undated / Ongoing,False,False,None,,None,,None,,None,,None,,False,False,,,United Nations,0,,https://en.wikipedia.org/wiki/Douglas_Leese?action=edit&redlink=1,False,4,"Julian Leese is the younger son of Douglas Leese, one of the architects of the billion-dollar Al-Yamamah arms deal. Epstein was ""mentored"" by Douglas and befrie..."
nick-leese,Nick Leese,,"Entertainment, Arts & Media",Nick Leese is a film producer and eldest son of Douglas Leese,Social Acquaintance / Guest,Social Acquaintance / Guest,Undated / Ongoing,False,False,None,,None,,None,,None,,None,,False,False,,,United Nations,0,,,False,2,Nick Leese is a film producer and eldest son of Douglas Leese. Nick contributed to Epstein's birthday book a story about massage classes and their escapades at ...
lewis,Shelley Anne Lewis,,"Finance, Business & Real Estate",Shelley Anne Lewis reportedly is the daughter of the founder of the...,Mentioned in Court Files / Email Archive,Mentioned in Court Files / Email Archive,Both Pre- & Post-2008,True,True,None,,None,,None,,None,,None,,False,False,,,United Nations,1,Andrew Mountbatten-Windsor,,False,2,Shelley Anne Lewis reportedly is the daughter of the founder of the Cash Generator pawnbroking chain. She was working for Christie's auction house in New York w...
lutnick,Howard Lutnick,,"Politics, Government & Diplomacy",Howard Lutnick is the United States Secretary of Commerce,Business / Investment Partner,Business / Investment Partner; Social Acquaintance / Guest,Both Pre- & Post-2008,True,True,None,,None,,None,,None,,None,,False,False,,,United Nations,0,,https://en.wikipedia.org/wiki/Howard_Lutnick,True,4,"Howard Lutnick is the United States Secretary of Commerce. In 2012, he coordinated a visit to Epstein's Caribbean compound, though he had previously said he sev..."
magnani,Thomas Magnani,,Healthcare & Medicine,"Thomas Magnani was Epstein's personal dentist, a graduate of Columbia University's dental...",Mentioned in Court Files / Email Archive,Mentioned in Court Files / Email Archive,Undated / Ongoing,False,False,None,,None,,None,,None,,None,,False,False,,,Columbia University; MIT; United Nations,2,Letty Moss-Salentijn; Karyna Shuliak,,False,3,"Thomas Magnani was Epstein's personal dentist, a graduate of Columbia University's dental college, and a faculty member on their admissions review committee. Af..."
mandelson,Peter Mandelson,,"Politics, Government & Diplomacy","Peter Mandelson, Lord Mandelson is a British former politician and diplomat",Mentioned in Court Files / Email Archive,Mentioned in Court Files / Email Archive,Both Pre- & Post-2008,True,True,None,,None,,None,,None,,None,,False,False,,,JPMorgan Chase; MIT; United Nations,2,Jes Staley; Larry Summers,https://en.wikipedia.org/wiki/Peter_Mandelson,True,17,"Peter Mandelson, Lord Mandelson is a British former politician and diplomat. Between 2003-4, three $25,000 payments referencing Mandelson were sent from Epstein..."
mapp,Kenneth Mapp,,"Politics, Government & Diplomacy",Kenneth Mapp is the former Governor of the United States Virgin Islands,Mentioned in Court Files / Email Archive,Mentioned in Court Files / Email Archive,Post-2008 Only,True,False,None,,None,,None,,None,,None,,False,False,,,United Nations,0,,https://en.wikipedia.org/wiki/Kenneth_Mapp,False,1,"Kenneth Mapp is the former Governor of the United States Virgin Islands. An email shows that in 2016, Mapp asked Epstein in to borrow $275 million for the Virgi..."
marcinko,Nadia Marcinko,,"Entertainment, Arts & Media","Nadia Marcinko, also known as Nadia Marcinkova, is a Slovak-born model and...",Professional Service Provider,Professional Service Provider; Business / Investment Partner,Both Pre- & Post-2008,True,True,None,,None,,None,,None,,None,,False,True,,"It was around this time she began taking flight lessons; by 2010, she was an influencer under the moniker ""Gulfstream Girl"", and later ""Global Girl"".",DEKA Research; United Nations,1,Dean Kamen,https://en.wikipedia.org/wiki/Nadia_Marcinko,False,2,"Nadia Marcinko, also known as Nadia Marcinkova, is a Slovak-born model and pilot. In 2007, federal prosecutors identified Marcinko as a potential co-conspirator..."
ghislaine-maxwell,Ghislaine Maxwell,,"Finance, Business & Real Estate","Ghislaine Maxwell is a British former socialite, convicted child sex trafficker, and...",Mentioned in Court Files / Email Archive,Mentioned in Court Files / Email Archive,Post-2008 Only,True,False,None,,None,,None,,None,,None,,False,False,,,United Nations,1,Robert Maxwell,https://en.wikipedia.org/wiki/Ghislaine_Maxwell,True,1,"Ghislaine Maxwell is a British former socialite, convicted child sex trafficker, and daughter of Robert Maxwell. She was a prominent former business partner of ..."
robert-maxwell,Robert Maxwell,,"Politics, Government & Diplomacy",Robert Maxwell was a Czechoslovak-born British-French media proprietor and politician,Mentioned in Court Files / Email Archive,Mentioned in Court Files / Email Archive,Pre-2008 Only,False,True,None,,None,,None,,None,,None,,False,False,,,United Nations,0,,https://en.wikipedia.org/wiki/Robert_Maxwell,True,1,Robert Maxwell was a Czechoslovak-born British-French media proprietor and politician. Epstein wrote an email speculating about the circumstances surrounding Ma...
matthew-menchel,Matthew Menchel,,"Law, Law Enforcement & Legal Defense",chief criminal prosecutor,Business / Investment Partner,Business / Investment Partner; Social Acquaintance / Guest,Both Pre- & Post-2008,True,True,None,,None,,None,,None,,None,,False,False,,,,0,,,False,2,"Matthew Menchel was the chief criminal prosecutor who spearheaded Epstein's 2007 sweetheart deal, after which he left the Department of Justice and continued to..."
mette-marit,Queen Mette-Marit of Norway,,Royalty & Aristocracy,Queen Mette-Marit of Norway was mentioned over a thousand times in the...,Mentioned in Court Files / Email Archive,Mentioned in Court Files / Email Archive,Post-2008 Only,True,False,None,,None,,Visited / Stayed,Documents showed she spent four days at Epstein's house in Palm Beach in January 2013; one message implied she was aware of his 2008 jail term.,None,,None,,True,False,,,United Nations,0,,https://en.wikipedia.org/wiki/Queen_Mette-Marit_of_Norway,True,5,"Queen Mette-Marit of Norway was mentioned over a thousand times in the Epstein files, with communications spanning 2011 to 2014. Documents showed she spent four..."
minsky,Marvin Minsky,,"Academia, Science & Research",Marvin Minsky was an American cognitive and computer scientist,Mentioned in Court Files / Email Archive,Mentioned in Court Files / Email Archive,Both Pre- & Post-2008,True,True,Denied,"Minsky's widow, Gloria Rudisch, denied this, claiming they were always together during their visits to the island.",None,,None,,None,,None,,False,False,,,United Nations,0,,https://en.wikipedia.org/wiki/Marvin_Minsky,True,3,"Marvin Minsky was an American cognitive and computer scientist. In an unsealed deposition from May 2016, Virginia Giuffre stated that she had been directed to h..."
mitchell,George J. Mitchell,,"Politics, Government & Diplomacy",George J,Social Acquaintance / Guest,Social Acquaintance / Guest,Both Pre- & Post-2008,True,True,None,,None,,None,,None,,None,,False,False,,,FIRST Robotics; MIT; United Nations,1,Ghislaine Maxwell,https://en.wikipedia.org/wiki/George_J._Mitchell,True,5,"George J. Mitchell is an American politician, diplomat, and lawyer. A 2003 handwritten letter in Epstein's ""birthday book ""showed the former U.S. Senate majorit..."
mwb60,"Mohammed bin Salman, Crown Prince of Saudi Arabia",MBS; Mohammed bin Salman,"Politics, Government & Diplomacy",Mohammed bin Salman is the Crown Prince and Prime Minister of Saudi...,Financial / Funding Recipient,Financial / Funding Recipient,Post-2008 Only,True,False,None,,Referenced,Epstein also kept a framed photograph of himself and Mohammed in his New York townhouse.,None,,None,,None,,False,False,,,,0,,https://en.wikipedia.org/wiki/Crown_Prince_of_Saudi_Arabia,True,1,"Mohammed bin Salman is the Crown Prince and Prime Minister of Saudi Arabia. In a 2016 email Epstein wrote that Mohammed had gifted him a tent, ""carpets and all""..."
carol-montgomery,Carol Montgomery,,"Law, Law Enforcement & Legal Defense",Carol Montgomery was one of several United States Customs and Border Protection...,Social Acquaintance / Guest,Social Acquaintance / Guest,Undated / Ongoing,False,False,None,,None,,None,,None,,None,,False,False,,,United Nations,0,,,False,1,"Carol Montgomery was one of several United States Customs and Border Protection officers who maintained a friendship with Epstein. Montgomery sent Epstein a ""we..."
moskowitz,Bruce Moskowitz,,Healthcare & Medicine,"Dr. Bruce Moskowitz, a Palm Beach internist who was also part of...",Professional Service Provider,Professional Service Provider; Financial / Funding Recipient; Business / Investment Partner; Social Acquaintance / Guest,Undated / Ongoing,False,False,None,,None,,Referenced,"Bruce Moskowitz, a Palm Beach internist who was also part of Donald Trump's Mar-a-Lago Crowd, was Epstein's physician.",Visited / Stayed,"In return, Epstein donated money to Moskowitz's foundations, invested venture capital in their son's efforts, and provided guest rooms for Moskowitz at Epstein's New Mexico ranch.",None,,True,False,,,United Nations,1,Donald Trump,,False,2,"Dr. Bruce Moskowitz, a Palm Beach internist who was also part of Donald Trump's Mar-a-Lago Crowd, was Epstein's physician. He treated young women Epstein sent t..."
moss-salentijn,Letty Moss-Salentijn,,"Academia, Science & Research",vice-dean for academic affairs,Mentioned in Court Files / Email Archive,Mentioned in Court Files / Email Archive,Undated / Ongoing,False,False,None,,None,,None,,None,,None,,False,False,,,Columbia University; MIT; United Nations,2,Thomas Magnani; Karyna Shuliak,,False,2,Letty Moss-Salentijn was the vice-dean for academic affairs at Columbia University's dental college. After the dental college rejected Karyna Shuliak's admissio...
mountbatten-windsor,Andrew Mountbatten-Windsor,Prince Andrew; Duke of York,Royalty & Aristocracy,Andrew Mountbatten-Windsor is a member of the British royal family and former...,Social Acquaintance / Guest,Social Acquaintance / Guest,Post-2008 Only,True,False,None,,None,,None,,None,,None,,False,False,,,United Nations,1,Ghislaine Maxwell,https://en.wikipedia.org/wiki/Andrew_Mountbatten-Windsor,True,9,"Andrew Mountbatten-Windsor is a member of the British royal family and former Duke of York. In a 2010 email exchange, Epstein offered to introduce then-Prince A..."
mugabe,Robert Mugabe,,"Politics, Government & Diplomacy",Robert Mugabe was the leader of Zimbabwe from 1980 to 2017,Mentioned in Court Files / Email Archive,Mentioned in Court Files / Email Archive,Post-2008 Only,True,False,None,,None,,None,,None,,None,,False,False,,,,1,Joi Ito,https://en.wikipedia.org/wiki/Robert_Mugabe,True,3,"Robert Mugabe was the leader of Zimbabwe from 1980 to 2017. In a 2015 email exchange, Japanese financer Joi Ito suggested Epstein meet Mugabe to talk about prov..."
musk,Elon Musk,,"Tech, Crypto & Venture Capital",Elon Musk is the world's first trillionaire,Social Acquaintance / Guest,Social Acquaintance / Guest,Post-2008 Only,True,False,Referenced,"In 2012, Musk asked Epstein about his then-wife Talulah Riley and him attending ""the wildest party"" on his island.",None,,None,,None,,None,,False,False,,,FIRST Robotics; United Nations,0,,https://en.wikipedia.org/wiki/Elon_Musk,True,5,"Elon Musk is the world's first trillionaire. He and Epstein coordinated a possible holiday visit to Epstein's U.S. Virgin Islands compound in 2013-14. In 2012, ..."
kimbal-musk,Kimbal Musk,,"Finance, Business & Real Estate",Kimbal Musk is a businessman referenced more than 140 times in emails...,Mentioned in Court Files / Email Archive,Mentioned in Court Files / Email Archive,Post-2008 Only,True,False,None,,None,,None,,None,,None,,False,False,,,United Nations,1,Boris Nikolic,https://en.wikipedia.org/wiki/Kimbal_Musk,True,5,"Kimbal Musk is a businessman referenced more than 140 times in emails exchanged between Epstein, his associates, and his brother Elon. Kimbal began socializing ..."
myhrvold,Nathan Myhrvold,,"Tech, Crypto & Venture Capital","American inventor, scientist, and businessman,",Business / Investment Partner,Business / Investment Partner; Social Acquaintance / Guest,Both Pre- & Post-2008,True,True,None,,None,,None,,None,,None,,False,False,,,Microsoft; United Nations,0,,https://en.wikipedia.org/wiki/Nathan_Myhrvold,True,1,"Nathan Myhrvold is an American inventor, scientist, and businessman, who was formerly chief technology officer at Microsoft. Epstein and Myhrvold frequently ema..."
neilson,Annabelle Neilson,,"Entertainment, Arts & Media",Annabelle Neilson was a British model and socialite,Mentioned in Court Files / Email Archive,Mentioned in Court Files / Email Archive,Post-2008 Only,True,False,None,,None,,None,,None,,None,,False,False,,,United Nations,0,,https://en.wikipedia.org/wiki/Annabelle_Neilson,True,2,"Annabelle Neilson was a British model and socialite. Neilson was identified as having emailed Epstein numerous times between 2010 and 2012, Neilson agreed to ""p..."
new,Elisa New,,"Politics, Government & Diplomacy",former professor,Financial / Funding Recipient,Financial / Funding Recipient,Post-2008 Only,True,False,None,,None,,None,,None,,None,,False,False,,,Harvard University; United Nations,0,,https://en.wikipedia.org/wiki/Elisa_New,False,2,"Elisa New is a former professor at Harvard University. In 2015, New wrote to Epstein to thank him for a donation he had arranged. A 2020 Harvard review found th..."
nikolic,Boris Nikolic,,Healthcare & Medicine,"Boris Nikolic is a Croatian doctor, biotech investor, and former adviser to...",Professional Service Provider,Professional Service Provider,Post-2008 Only,True,False,None,,None,,None,,None,,None,,False,False,,,Gates Foundation; United Nations,2,Bill Clinton; Christopher Poole,https://en.wikipedia.org/wiki/Estate_of_Jeffrey_Epstein#Management,False,4,"Boris Nikolic is a Croatian doctor, biotech investor, and former adviser to the Bill and Melinda Gates Foundation. Epstein named him the backup executor of his ..."
nowak,Martin Nowak,,"Academia, Science & Research",Martin Nowak teaches mathematics and biology at Harvard University,Mentioned in Court Files / Email Archive,Mentioned in Court Files / Email Archive,Both Pre- & Post-2008,True,True,None,,None,,None,,None,,None,,False,False,,,Harvard University; United Nations,0,,https://en.wikipedia.org/wiki/Martin_Nowak,True,1,"Martin Nowak teaches mathematics and biology at Harvard University. In 2003, Epstein donated $6.5 million to establish Harvard's Program for Evolutionary Dynami..."
pastrana-arango,Andrés Pastrana Arango,,"Politics, Government & Diplomacy",Andrés Pastrana Arango was President of Colombia from 1998 to 2002,Mentioned in Court Files / Email Archive,Mentioned in Court Files / Email Archive,Both Pre- & Post-2008,True,True,None,,None,,None,,None,,None,,False,True,,"According to flight logs from Epstein's private jet, Pastrana was present on a flight from Carabobo, Venezuela, to Nassau, the Bahamas, in 2003.",MIT; United Nations,1,Ghislaine Maxwell,https://en.wikipedia.org/wiki/Andrés_Pastrana_Arango,True,2,"Andrés Pastrana Arango was President of Colombia from 1998 to 2002. According to flight logs from Epstein's private jet, Pastrana was present on a flight from C..."
brock-pierce,Brock Pierce,,"Finance, Business & Real Estate",Brock Pierce is an American businessman and co-founder of the cryptocurrency Tether,Business / Investment Partner,Business / Investment Partner,Post-2008 Only,True,False,Referenced,Pierce and Epstein first met at a conference held on Little Saint James in 2011.,None,,None,,None,,None,,False,False,,,FIRST Robotics; United Nations,0,,https://en.wikipedia.org/wiki/Brock_Pierce,False,4,Brock Pierce is an American businessman and co-founder of the cryptocurrency Tether. Pierce and Epstein first met at a conference held on Little Saint James in ...
jean-pigozzi,Jean Pigozzi,,"Entertainment, Arts & Media",French-born Italian art collector and philanthropist,Mentioned in Court Files / Email Archive,Mentioned in Court Files / Email Archive,Post-2008 Only,True,False,None,,None,,None,,None,,None,,False,False,,,United Nations,0,,https://en.wikipedia.org/wiki/Jean_Pigozzi,False,2,Jean Pigozzi is a French-born Italian art collector and philanthropist who inherited his fortune from his father Henri. Pigozzi and Epstein had a substantial co...
pinker,Steven Pinker,,"Academia, Science & Research",Steven Pinker is a Canadian-American Harvard University professor of psychology and a...,Mentioned in Court Files / Email Archive,Mentioned in Court Files / Email Archive,Post-2008 Only,True,False,None,,None,,None,,None,,None,,False,True,,Video footage from the December 2025 files release has shown four seconds of Pinker riding with Epstein on his plane.,Harvard University; United Nations,5,John Brockman; Alan Dershowitz; Stephen Kosslyn; Lawrence Krauss; Martin Nowak,https://en.wikipedia.org/wiki/Steven_Pinker,True,4,Steven Pinker is a Canadian-American Harvard University professor of psychology and a public intellectual involved in the American culture wars. He has intersec...
alberto-pinto-and-linda-pinto,Alberto Pinto and Linda Pinto,,"Entertainment, Arts & Media",Alberto Pinto and Linda Pinto created a famous design group in Paris,Intermediary / Introduced Others,Intermediary / Introduced Others; Social Acquaintance / Guest,Undated / Ongoing,False,False,None,,None,,None,,None,,None,,False,False,,,,1,Ghislaine Maxwell,https://en.wikipedia.org/wiki/Alberto_Pinto_(interior_designer),False,5,Alberto Pinto and Linda Pinto created a famous design group in Paris. They worked on the Herbert N. Straus House when Wexner owned it; Epstein hired to design s...
phelan,John Phelan,,"Politics, Government & Diplomacy",American businessman,Mentioned in Court Files / Email Archive,Mentioned in Court Files / Email Archive,Both Pre- & Post-2008,True,True,None,,None,,None,,None,,None,,False,True,,His name is present in a flight manifest from Jeffrey Epstein's private airplane in 2006.,United Nations,1,Jean-Luc Brunel,https://en.wikipedia.org/wiki/John_Phelan_(businessman),True,1,John Phelan is an American businessman who formerly served as United States Secretary of the Navy. His name is present in a flight manifest from Jeffrey Epstein...
plaskett,Stacey Plaskett,,"Politics, Government & Diplomacy",Stacey Plaskett is the U.S,Mentioned in Court Files / Email Archive,Mentioned in Court Files / Email Archive,Post-2008 Only,True,False,None,,None,,None,,None,,None,,False,False,,,MIT,0,,https://en.wikipedia.org/wiki/Stacey_Plaskett,True,1,Stacey Plaskett is the U.S. Virgin Islands representative. Timestamps and contents of text messages revealed an exchange between Epstein and Plaskett during a F...
poole,Christopher Poole,,"Finance, Business & Real Estate",Christopher Poole (a.k.a,Intermediary / Introduced Others,Intermediary / Introduced Others,Post-2008 Only,True,False,None,,None,,None,,None,,None,,False,False,,,United Nations,0,,https://en.wikipedia.org/wiki/Christopher_Poole,True,2,"Christopher Poole (a.k.a. ""moot"") is an American Internet entrepreneur and founder of 4chan. In October 2011, Epstein met Poole. Epstein later wrote to the pers..."
previn,Soon-Yi Previn,,"Politics, Government & Diplomacy",Soon-Yi Previn is Woody Allen's wife,Intermediary / Introduced Others,Intermediary / Introduced Others; Social Acquaintance / Guest,Undated / Ongoing,False,False,None,,None,,None,,None,,None,,False,False,,,Bard College,2,Woody Allen; Leon Botstein,https://en.wikipedia.org/wiki/Soon-Yi_Previn,True,2,"Soon-Yi Previn is Woody Allen's wife. She maintained email correspondence with Epstein. She repeatedly said that the MeToo movement had ""gone too far""; she also..."
thomas-pritzker,Thomas Pritzker,,"Finance, Business & Real Estate",Thomas Pritzker is an American billionaire businessman,Social Acquaintance / Guest,Social Acquaintance / Guest,Both Pre- & Post-2008,True,True,None,,None,,None,,None,,None,,False,False,,,United Nations,1,Karyna Shuliak,https://en.wikipedia.org/wiki/Thomas_Pritzker,False,3,"Thomas Pritzker is an American billionaire businessman. Pritzker originally downplayed his contact with Epstein, but the release of the Epstein files revealed c..."
mariya-prusakova,Mariya Prusakova,,"Entertainment, Arts & Media","Mariya ""Masha"" Prusakova is a Russian snowboarder",Mentioned in Court Files / Email Archive,Mentioned in Court Files / Email Archive,Post-2008 Only,True,False,None,,None,,None,,None,,None,,False,False,,,FIRST Robotics; United Nations,1,Ghislaine Maxwell,https://en.wikipedia.org/wiki/Mariya_Prusakova_(snowboarder),False,4,"Mariya ""Masha"" Prusakova is a Russian snowboarder. Epstein and Prusakova first met in 2011. She helped Epstein recruit women, stating in a 2013 email: ""Sometime..."
hardeep-singh-puri,Hardeep Singh Puri,,"Politics, Government & Diplomacy","Hardeep Singh Puri is an Indian politician and, since 2021, the Union...",Mentioned in Court Files / Email Archive,Mentioned in Court Files / Email Archive,Post-2008 Only,True,False,None,,None,,None,,None,,None,,False,False,,,MIT; United Nations,0,,https://en.wikipedia.org/wiki/Hardeep_Singh_Puri,True,2,"Hardeep Singh Puri is an Indian politician and, since 2021, the Union Minister of Petroleum and Natural Gas. An email from Puri to Epstein in November 2014 deta..."
v.-s.-ramachandran,V. S. Ramachandran,,"Entertainment, Arts & Media",V,Financial / Funding Recipient,Financial / Funding Recipient; Intermediary / Introduced Others,Post-2008 Only,True,False,None,,None,,None,,None,,None,,False,False,,,United Nations,1,Deepak Chopra,https://en.wikipedia.org/wiki/V._S._Ramachandran,True,1,"V. S. Ramachandran (also known as Vilayanur S. Ramachandran) is a director of University of California, San Diego's psychology department. In 2017, Deepak Chopr..."
ramo,Joshua Cooper Ramo,,"Politics, Government & Diplomacy",Joshua Cooper Ramo is an American foreign policy consultant and co-chief executive...,Social Acquaintance / Guest,Social Acquaintance / Guest,Post-2008 Only,True,False,None,,Referenced,"Scheduling documents showed the then co-CEO of Henry Kissinger's corporate consulting firm had more than a dozen meetings with Epstein from 2013 to 2017, many in the evenings at Epstein's Manhattan townhouse.",None,,None,,None,,False,False,,,,1,Ehud Barak,https://en.wikipedia.org/wiki/Joshua_Cooper_Ramo,True,1,Joshua Cooper Ramo is an American foreign policy consultant and co-chief executive of Kissinger Associates. Scheduling documents showed the then co-CEO of Henry...
randall,Lisa Randall,,"Academia, Science & Research",professor of physics,Intermediary / Introduced Others,Intermediary / Introduced Others,Both Pre- & Post-2008,True,True,None,,None,,None,,None,,None,,False,False,,,Harvard University; United Nations,1,John Brockman,https://en.wikipedia.org/wiki/Lisa_Randall,True,1,"Lisa Randall is a professor of physics at Harvard University who met with Epstein several times, including to his Caribbean island in 2014. They exchanged hundr..."
ratner,Brett Ratner,,"Entertainment, Arts & Media",film director and producer,Mentioned in Court Files / Email Archive,Mentioned in Court Files / Email Archive,Undated / Ongoing,False,False,None,,None,,None,,None,,None,,False,False,,,United Nations,1,Jean-Luc Brunel,https://en.wikipedia.org/wiki/Brett_Ratner,True,2,Brett Ratner is a film director and producer who appeared in undated photographs with Epstein and Jean-Luc Brunel. Additional images showed Ratner seated on a s...
richardson,Bill Richardson,,"Politics, Government & Diplomacy",Bill Richardson was a former governor of New Mexico,Mentioned in Court Files / Email Archive,Mentioned in Court Files / Email Archive,Both Pre- & Post-2008,True,True,None,,None,,None,,Referenced,Bill Richardson was a former governor of New Mexico.,None,,False,False,,,,0,,https://en.wikipedia.org/wiki/Bill_Richardson,False,1,"Bill Richardson was a former governor of New Mexico. Records show that Richardson arranged to meet with Epstein at least nine times after 2006, when he publicly..."
rød-larsen,Terje Rød-Larsen,,"Politics, Government & Diplomacy","Terje Rød-Larsen is a Norwegian former diplomat, politician, and sociologist",Intermediary / Introduced Others,Intermediary / Introduced Others,Undated / Ongoing,False,False,None,,None,,None,,None,,None,,False,False,,,,2,Mona Juul; Jean Todt,https://en.wikipedia.org/wiki/Terje_Rød-Larsen,True,3,"Terje Rød-Larsen is a Norwegian former diplomat, politician, and sociologist. The Epstein files indicated that each of Terje Rød-Larsen's children were to be gi..."
rothschild,David A. Ross,,"Entertainment, Arts & Media",David A,Mentioned in Court Files / Email Archive,Mentioned in Court Files / Email Archive,Post-2008 Only,True,False,None,,None,,None,,None,,None,,False,False,,,United Nations,0,,https://en.wikipedia.org/wiki/David_A._Ross?action=edit&redlink=1,False,6,"David A. Ross is an art curator. His relationship with Epstein went back as far as the 1990s, when Ross was a director at the Whitney Museum of Art. After Epste..."
ariane-de-rothschild,Ariane de Rothschild,,"Finance, Business & Real Estate",Ariane de Rothschild is a French banker and CEO of Edmond de...,Mentioned in Court Files / Email Archive,Mentioned in Court Files / Email Archive,Post-2008 Only,True,False,None,,None,,None,,None,,None,,False,False,,,United Nations,0,,https://en.wikipedia.org/wiki/Ariane_de_Rothschild,True,1,"Ariane de Rothschild is a French banker and CEO of Edmond de Rothschild Group.

Scheduling documents indicate de Rothschild had more than a dozen meetings with ..."
lynn-forester-de-rothschild,Lynn Forester de Rothschild,,"Finance, Business & Real Estate",Lynn Forester de Rothschild is the chair of E.L,Intermediary / Introduced Others,Intermediary / Introduced Others,Undated / Ongoing,False,False,None,,None,,None,,None,,None,,False,False,,,United Nations,3,Alan Dershowitz; Ghislaine Maxwell; Peter Mandelson,https://en.wikipedia.org/wiki/Lynn_Forester_de_Rothschild,False,4,Lynn Forester de Rothschild is the chair of E.L. Rothschild. Epstein said that he had given her financial help in the 1990s during her divorce from her second h...
nouriel-roubini,Nouriel Roubini,,"Finance, Business & Real Estate","Nouriel Roubini is an economic consultant, economist, speaker, writer, and professor",Intermediary / Introduced Others,Intermediary / Introduced Others,Post-2008 Only,True,False,None,,None,,None,,None,,None,,False,False,,,,0,,https://en.wikipedia.org/wiki/Nouriel_Roubini,True,1,"Nouriel Roubini is an economic consultant, economist, speaker, writer, and professor. Gino Yu, an academic, introduced Roubini to Epstein in 2018 by email. Roub..."
rowan,Marc Rowan,,"Finance, Business & Real Estate",Marc Rowan is the Apollo Global Management CEO,Mentioned in Court Files / Email Archive,Mentioned in Court Files / Email Archive,Post-2008 Only,True,False,None,,Referenced,Rowan and another Apollo executive met people from Edmond de Rothschild Group at Epstein's Manhattan townhouse in early 2016.,None,,None,,None,,False,False,,,Apollo Global Management,0,,https://en.wikipedia.org/wiki/Marc_Rowan,True,1,"Marc Rowan is the Apollo Global Management CEO. He corresponded with Epstein over the firm's tax arrangements throughout the 2010s. In 2015, an Apollo partner e..."
rudd,Kevin Rudd,,"Politics, Government & Diplomacy","Kevin Rudd was prime minister of Australia, and since 2023 is Australia's...",Mentioned in Court Files / Email Archive,Mentioned in Court Files / Email Archive,Post-2008 Only,True,False,None,,None,,None,,None,,None,,False,False,,,United Nations,0,,https://en.wikipedia.org/wiki/Kevin_Rudd,True,1,"Kevin Rudd was prime minister of Australia, and since 2023 is Australia's ambassador to the US. Documents released in 2026 show a meeting between Rudd and Epste..."
ruemmler,Kathryn Ruemmler,,"Politics, Government & Diplomacy","Kathryn Ruemmler is a former White House Counsel under Barack Obama, and...",Intermediary / Introduced Others,Intermediary / Introduced Others; Social Acquaintance / Guest,Post-2008 Only,True,False,None,,None,,None,,None,,None,,False,False,,,United Nations; White House,1,Steve Bannon,https://en.wikipedia.org/wiki/Kathryn_Ruemmler,True,8,"Kathryn Ruemmler is a former White House Counsel under Barack Obama, and as of 2026 general counsel of Goldman Sachs. The two were introduced in 2014 by Epstein..."
schoen,David Schoen,,"Law, Law Enforcement & Legal Defense",American attorney,Professional Service Provider,Professional Service Provider; Business / Investment Partner,Post-2008 Only,True,False,None,,None,,None,,None,,None,,False,False,,,United Nations,1,Donald Trump,https://en.wikipedia.org/wiki/David_Schoen,True,1,"David Schoen is an American attorney who served as one of Donald Trump's impeachment defense lawyers. In 2011, Schoen wrote to Epstein: ""These past couple of ye..."
seckel,Al Seckel,,Public Figure / Associate,Al Seckel (died 2015) was an American writer and skeptic married to...,Mentioned in Court Files / Email Archive,Mentioned in Court Files / Email Archive,Post-2008 Only,True,False,None,,None,,None,,None,,None,,False,False,,,FIRST Robotics; United Nations,1,Ghislaine Maxwell,https://en.wikipedia.org/wiki/Al_Seckel,True,9,"Al Seckel (died 2015) was an American writer and skeptic married to Ghislaine Maxwell's sister, Isabel Maxwell. In 2010, Seckel discussed reputation management ..."
mwcxm,Roger Schank,,"Academia, Science & Research","Roger Schank (died 2023), was a Northwestern University Professor of computer science",Mentioned in Court Files / Email Archive,Mentioned in Court Files / Email Archive,Post-2008 Only,True,False,None,,None,,None,,None,,None,,False,False,,,FIRST Robotics; United Nations,0,,https://en.wikipedia.org/wiki/Roger_Schank,False,2,"Roger Schank (died 2023), was a Northwestern University Professor of computer science. Schank regularly defended Epstein publicly, asked him for the use of an a..."
serrano,Andres Serrano,,"Entertainment, Arts & Media",Andres Serrano is an American photographer and artist,Mentioned in Court Files / Email Archive,Mentioned in Court Files / Email Archive,Post-2008 Only,True,False,None,,None,,None,,None,,None,,False,False,,,,1,Donald Trump,https://en.wikipedia.org/wiki/Andres_Serrano,True,1,"Andres Serrano is an American photographer and artist. Serrano photographed Epstein shortly before Epstein's death in 2019. In 2016, Serrano emailed Epstein tha..."
shimony,Rony Shimony,,Healthcare & Medicine,Dr. Rony Shimony was Epstein's cardiologist and he also socialized with Epstein...,Mentioned in Court Files / Email Archive,Mentioned in Court Files / Email Archive,Undated / Ongoing,False,False,Referenced,He and Eva Andersson Dubin helped Epstein investigate how to buy ambulances for his New Mexico and Little Saint James properties.,None,,None,,Referenced,He and Eva Andersson Dubin helped Epstein investigate how to buy ambulances for his New Mexico and Little Saint James properties.,None,,False,False,,,,3,Eva Andersson-Dubin; Leon Black; Thorbjørn Jagland,,False,1,Dr. Rony Shimony was Epstein's cardiologist and he also socialized with Epstein in his New York mansion. He and Eva Andersson Dubin helped Epstein investigate h...
shuliak,Karyna Shuliak,,Healthcare & Medicine,Karyna Shuliak is a Belarus-born dentist and was Epstein's girlfriend,Social Acquaintance / Guest,Social Acquaintance / Guest,Post-2008 Only,True,False,None,,None,,None,,None,,None,,False,False,,,Columbia University; MIT; United Nations,0,,https://en.wikipedia.org/wiki/Karyna_Shuliak,False,2,Karyna Shuliak is a Belarus-born dentist and was Epstein's girlfriend. Epstein gave her a 32.73-carat diamond ring and planned to give her all of his homes and ...
siad,Daniel Siad,,"Entertainment, Arts & Media",Swedish modeling scout,Mentioned in Court Files / Email Archive,Mentioned in Court Files / Email Archive,Post-2008 Only,True,False,None,,None,,None,,None,,None,,False,False,,,United Nations,1,Jean-Luc Brunel,https://en.wikipedia.org/wiki/Daniel_Siad,True,2,Daniel Siad was a Swedish modeling scout who worked on commission for Jean-Luc Brunel and regularly set up meetings between Epstein and teenaged aspiring models...
siegal,Peggy Siegal,,"Politics, Government & Diplomacy",Peggy Siegal is an American entertainment publicist,Mentioned in Court Files / Email Archive,Mentioned in Court Files / Email Archive,Post-2008 Only,True,False,None,,None,,None,,None,,None,,False,False,,,White House,0,,https://en.wikipedia.org/wiki/Peggy_Siegal,False,1,"Peggy Siegal is an American entertainment publicist. She had corresponded with Epstein in 2009 during a trip to Kenya. In the email correspondence, she had offe..."
anastasiya-siroochenko,Anastasiya Siroochenko,,"Entertainment, Arts & Media",art advisor and collector,Business / Investment Partner,Business / Investment Partner,Post-2008 Only,True,False,None,,None,,None,,None,,None,,False,False,,,United Nations,1,Jean-Luc Brunel,,False,1,"Siroochenko is an art advisor and collector who met Epstein in 2010, when she was 22 and working as a model with Brunel's agency. Epstein coordinated her financ..."
princess-sofia,"Princess Sofia, Duchess of Värmland",Princess Sofia; Duchess of Varmland,Royalty & Aristocracy,Princess Sofia is a Swedish royal and former model,Social Acquaintance / Guest,Social Acquaintance / Guest,Both Pre- & Post-2008,True,True,None,,None,,None,,None,,None,,False,False,,,,0,,"https://en.wikipedia.org/wiki/Princess_Sofia,_Duchess_of_Värmland",True,3,"Princess Sofia is a Swedish royal and former model. She met Epstein on a few occasions in 2005, prior to her marriage, while living in New York City. A 2005 ema..."
spacey,Kevin Spacey,,"Entertainment, Arts & Media",Kevin Spacey is an American actor,Mentioned in Court Files / Email Archive,Mentioned in Court Files / Email Archive,Both Pre- & Post-2008,True,True,None,,None,,None,,None,,None,,False,True,,"Spacey told journalist Piers Morgan in 2024 that he traveled on Epstein's plane for the foundation trip but that ""he never spent time with him"".",United Nations,2,Bill Clinton; Ghislaine Maxwell,https://en.wikipedia.org/wiki/Kevin_Spacey,True,4,Kevin Spacey is an American actor. Undated photographs showed him standing with Epstein. Other images showed Spacey visiting the Churchill War Rooms with Bill C...
staley,Jes Staley,,"Finance, Business & Real Estate",Jes Staley is the former group CEO of Barclays,Mentioned in Court Files / Email Archive,Mentioned in Court Files / Email Archive,Post-2008 Only,True,False,None,,None,,None,,None,,None,,False,False,,,United Nations,0,,https://en.wikipedia.org/wiki/Jes_Staley,True,5,"Jes Staley is the former group CEO of Barclays. He was one of three trustees of Epstein's estate until 2015, counter to what Staley testified in court. In 2021,..."
starr,Ken Starr,,"Law, Law Enforcement & Legal Defense",Ken Starr helped secure Epstein's 2008 plea deal,Professional Service Provider,Professional Service Provider; Business / Investment Partner,Post-2008 Only,True,False,None,,None,,None,,None,,None,,False,False,,,United Nations,0,,https://en.wikipedia.org/wiki/Ken_Starr,True,4,"Ken Starr helped secure Epstein's 2008 plea deal. In 2012, Starr hosted Epstein at Baylor University. In released emails from 2016, Starr and Epstein are affect..."
stern,David Stern,,"Entertainment, Arts & Media",David Stern is a German businessman,Mentioned in Court Files / Email Archive,Mentioned in Court Files / Email Archive,Post-2008 Only,True,False,None,,None,,None,,None,,None,,False,False,,,,0,,https://en.wikipedia.org/wiki/David_Stern_(German_businessman),False,1,"David Stern is a German businessman. In 2010, while UK trade envoy, Prince Andrew apparently passed on an email conversation about the Royal Bank of Scotland an..."
bin-sulayem,Sultan Ahmed bin Sulayem,Sultan bin Sulayem; Bin Sulayem,"Finance, Business & Real Estate",Emirati businessman to,Intermediary / Introduced Others,Intermediary / Introduced Others,Post-2008 Only,True,False,None,,None,,None,,None,,None,,False,False,,,FIRST Robotics,2,Anil Ambani; Peter Mandelson,https://en.wikipedia.org/wiki/Sultan_Ahmed_bin_Sulayem,True,6,"Sultan Ahmed bin Sulayem is an Emirati businessman to whom Epstein emailed in 2009: ""I loved the torture video"". The Department of Justice redacted his name, bu..."
summers,Larry Summers,,"Politics, Government & Diplomacy",Lawrence H,Mentioned in Court Files / Email Archive,Mentioned in Court Files / Email Archive,Post-2008 Only,True,False,None,,None,,None,,None,,None,,False,False,,,Harvard University; United Nations,0,,https://en.wikipedia.org/wiki/Lawrence_H._Summers,True,6,Lawrence H. Summers is a former US treasury secretary and Harvard president. Summers discussed his romantic pursuit of a woman with Epstein. Their communication...
tarnita,Corina Tarnita,,"Academia, Science & Research",graduate student working under Nowak,Mentioned in Court Files / Email Archive,Mentioned in Court Files / Email Archive,Post-2008 Only,True,False,None,,None,,None,,None,,None,,False,False,,,Harvard University; United Nations,0,,https://en.wikipedia.org/wiki/Corina_Tarnita,True,4,Corina Tarnita met convicted sex offender Jeffrey Epstein while she was a graduate student working under Nowak at Harvard in 2008. She remained in contact with ...
thiel,Peter Thiel,,"Tech, Crypto & Venture Capital",Peter Thiel co-founded PayPal and Palantir Technologies,Social Acquaintance / Guest,Social Acquaintance / Guest,Post-2008 Only,True,False,Referenced,"In 2018, Epstein urged Thiel to ""Visit me Caribbean."" A spokesman for Thiel said Thiel ""never went to Epstein's island"".",None,,None,,None,,None,,False,False,,,Palantir Technologies; United Nations,2,Reid Hoffman; Mark Zuckerberg,https://en.wikipedia.org/wiki/Peter_Thiel,True,3,Peter Thiel co-founded PayPal and Palantir Technologies. Documents showed that an investment firm co-founded by Thiel accepted $40 million from Epstein and that...
thirsk,Amanda Thirsk,,"Finance, Business & Real Estate",Amanda Thirsk is a British business executive,Mentioned in Court Files / Email Archive,Mentioned in Court Files / Email Archive,Undated / Ongoing,False,False,None,,None,,None,,None,,None,,False,False,,,United Nations,1,Andrew Mountbatten-Windsor,https://en.wikipedia.org/wiki/Amanda_Thirsk,False,1,Amanda Thirsk is a British business executive. She was Andrew Mountbatten-Windsor's private secretary and arranged meetings between Epstein and Mountbatten-Wind...
ting,Jess Ting,,Healthcare & Medicine,Ting is a plastic surgeon since 2016,Financial / Funding Recipient,Financial / Funding Recipient,Post-2008 Only,True,False,None,,None,,None,,None,,None,,False,False,,,United Nations,0,,,False,2,"Ting is a plastic surgeon since 2016. Hundreds of emails detailed visits to Epstein's homes and island, coordination for medical care to ""a few female associate..."
tisch,Steve Tisch,,"Entertainment, Arts & Media",Steve Tisch is a New York Giants co-owner,Mentioned in Court Files / Email Archive,Mentioned in Court Files / Email Archive,Post-2008 Only,True,False,None,,None,,None,,None,,None,,False,False,,,,0,,https://en.wikipedia.org/wiki/Steve_Tisch,True,3,"Steve Tisch is a New York Giants co-owner. In 2013 he and Epstein discussed women, with Epstein describing their physical features. Tisch said he regretted ""ass..."
todt,Jean Todt,,"Politics, Government & Diplomacy","Jean Todt is a French motor racing executive, former president of FIA,...",Intermediary / Introduced Others,Intermediary / Introduced Others,Post-2008 Only,True,False,None,,None,,None,,None,,None,,False,False,,,United Nations,1,Terje Rød-Larsen,https://en.wikipedia.org/wiki/Jean_Todt,True,1,"Jean Todt is a French motor racing executive, former president of FIA, and UN Special Envoy. Todt visited Epstein's home in 2017. They had been introduced by Te..."
tramo,Mark Tramo,,"Academia, Science & Research",adjunct professor,Mentioned in Court Files / Email Archive,Mentioned in Court Files / Email Archive,Post-2008 Only,True,False,None,,None,,None,,None,,None,,False,False,,,United Nations,1,Al Seckel,,False,6,"Mark Tramo is an adjunct professor at the UCLA department of neurology who corresponded with Epstein until the end. In October, Tramo sent a message pledging to..."
trivers,Robert Trivers,,"Academia, Science & Research",Robert Trivers was an American evolutionary- and social- biologist,Financial / Funding Recipient,Financial / Funding Recipient; Intermediary / Introduced Others,Post-2008 Only,True,False,None,,None,,None,,None,,None,,False,False,,,United Nations,1,Gordon Getty,https://en.wikipedia.org/wiki/Robert_Trivers,False,2,"Robert Trivers was an American evolutionary- and social- biologist. Much of his research was funded by Gordon Getty, and in 2013 he introduced Getty to Epstein,..."
donald-trump,Donald Trump,Trump; Donald J. Trump; President Trump,"Politics, Government & Diplomacy","The New York Times identified more than 5,300 files containing over 38,000...",Mentioned in Court Files / Email Archive,Mentioned in Court Files / Email Archive,Post-2008 Only,True,False,None,,None,,None,,None,,None,,False,False,,,MIT; United Nations,0,,https://en.wikipedia.org/wiki/Donald_Trump,True,3,"The New York Times identified more than 5,300 files containing over 38,000 references to Donald Trump and related terms in the January 2026 release. Trump was a..."
mwdos,Paul Tweed,,"Law, Law Enforcement & Legal Defense",Irish lawyer,Mentioned in Court Files / Email Archive,Mentioned in Court Files / Email Archive,Undated / Ongoing,False,False,None,,None,,None,,None,,None,,False,False,,,,0,,https://en.wikipedia.org/wiki/Paul_Tweed,False,1,Paul Tweed is an Irish lawyer who worked with Epstein on his UK media strategy.
vickers,Brian Vickers,,Public Figure / Associate,Files revealed a correspondence between Brian Vickers with Epstein starting in 2012,Mentioned in Court Files / Email Archive,Mentioned in Court Files / Email Archive,Post-2008 Only,True,False,None,,None,,None,,None,,None,,False,False,,,,0,,https://en.wikipedia.org/wiki/Brian_Vickers,True,1,Files revealed a correspondence between Brian Vickers with Epstein starting in 2012. Emails from 2013 showed Epstein working on NASCAR sponsorships for the form...
victor,Steven Victor,,Healthcare & Medicine,dermatologist,Mentioned in Court Files / Email Archive,Mentioned in Court Files / Email Archive,Undated / Ongoing,False,False,None,,None,,None,,None,,None,,False,False,,,United Nations,0,,,False,2,Dr. Steven Victor is a dermatologist who was based in Manhattan. He treated girls and women referred by Epstein. His name is mentioned hundreds of times in emai...
karim-wade,Karim Wade,,"Politics, Government & Diplomacy",Karim Wade is a Senegalese politician,Mentioned in Court Files / Email Archive,Mentioned in Court Files / Email Archive,Post-2008 Only,True,False,None,,None,,None,,None,,None,,False,False,,,,0,,https://en.wikipedia.org/wiki/Karim_Wade,True,2,Karim Wade is a Senegalese politician. Emails indicate that Epstein assisted Wade with legal and lobbying fees in relation to a corruption case in 2013.
wasserman,Casey Wasserman,,"Finance, Business & Real Estate",Casey Wasserman is an American entertainment executive and sports agent,Mentioned in Court Files / Email Archive,Mentioned in Court Files / Email Archive,Pre-2008 Only,False,True,None,,None,,None,,None,,None,,False,True,,"Other documents showed Wasserman and his then-wife flew on Epstein's jet in September 2002 with Maxwell, Epstein, Bill Clinton, Kevin Spacey, and others as part of a humanitarian trip by the Clinton Foundation.",United Nations,2,Bill Clinton; Kevin Spacey,https://en.wikipedia.org/wiki/Casey_Wasserman,True,4,Casey Wasserman is an American entertainment executive and sports agent. Wasserman and Maxwell exchanged emails in March and April 2003. Other documents showed ...
wexner,Les Wexner,,"Finance, Business & Real Estate",Les Wexner is an American billionaire businessman,Mentioned in Court Files / Email Archive,Mentioned in Court Files / Email Archive,Undated / Ongoing,False,False,None,,None,,None,,None,,None,,False,False,,,JPMorgan Chase; United Nations,3,Leon Black; Alan Dershowitz; Glenn Dubin,https://en.wikipedia.org/wiki/Les_Wexner,True,2,"Les Wexner is an American billionaire businessman. In an unsent draft letter that was released by the DOJ, Epstein wrote to Wexner, ""You and I had 'gang stuff' ..."
nathan-wolfe,Nathan Wolfe,,"Academia, Science & Research",former professor of virology,Social Acquaintance / Guest,Social Acquaintance / Guest,Post-2008 Only,True,False,None,,None,,None,,None,,None,,False,False,,,United Nations,0,,https://en.wikipedia.org/wiki/Nathan_Wolfe,True,1,Nathan Wolfe is a former professor of virology at Stanford University. He corresponded with Epstein between 2008 and 2013. His name appears almost 600 times in ...
wolff,Michael Wolff,,"Entertainment, Arts & Media","journalist with an extended correspondence with Epstein,",Mentioned in Court Files / Email Archive,Mentioned in Court Files / Email Archive,Post-2008 Only,True,False,None,,None,,None,,None,,None,,False,False,,,United Nations,0,,https://en.wikipedia.org/wiki/Michael_Wolff_(journalist),True,1,"Michael Wolff is a journalist with an extended correspondence with Epstein, whom Wolff previously said was a source for his 2018 book. In December 2015, Wolff t..."
zuckerberg,Mark Zuckerberg,,"Tech, Crypto & Venture Capital",Mark Zuckerberg is an American billionaire businessman and co-founder of Meta,Business / Investment Partner,Business / Investment Partner; Social Acquaintance / Guest,Post-2008 Only,True,False,None,,None,,None,,None,,None,,False,False,,,United Nations,2,Reid Hoffman; Thomas Pritzker,https://en.wikipedia.org/wiki/Mark_Zuckerberg,True,2,"Mark Zuckerberg is an American billionaire businessman and co-founder of Meta. In an email to Thomas Pritzker, Epstein described a 2015 dinner with Zuckerberg, ..."
zuckerman,Mortimer Zuckerman,,"Finance, Business & Real Estate",Mortimer Zuckerman is a billionaire media proprietor,Client (Hired Epstein),Client (Hired Epstein); Business / Investment Partner; Social Acquaintance / Guest,Both Pre- & Post-2008,True,True,None,,None,,None,,None,,None,,False,False,,,United Nations,0,,https://en.wikipedia.org/wiki/Mortimer_Zuckerman,True,3,Mortimer Zuckerman is a billionaire media proprietor. He signed Epstein's 2003 birthday book and partnered with Epstein in 2003–2004 in media ventures. Between ...
